{
    "gLA6VyT4QOw": {
        "name": "Stick Season",
        "min": 180.69099489392184,
        "max": 339.23725917131924
    },
    "xQOO2xGQ1Pc": {
        "name": "Justin Bieber &amp; benny blanco - Lonely (Official Music Video)",
        "min": 88.03233447542857,
        "max": 436.7239672696537
    },
    "Rp0Z9YVOnKQ": {
        "name": "King &amp; Prince「ツキヨミ」MV YouTube Edit",
        "min": 153.11594676768755,
        "max": 446.9281452808983
    },
    "B0gsK37GmvI": {
        "name": "ののちゃん4さい こどもうた がリリースされました！#shorts",
        "min": 278.6364082249846,
        "max": 539.3827646017078
    },
    "sLmLwgxnPUE": {
        "name": "TWICE 「BETTER」 Music Video",
        "min": 246.45318736642204,
        "max": 562.428325856902
    }
}